{"cameraMode":{"drawMode":0,"name":"Shaded","section":"Shading Mode"},"sceneLighting":false,"audioPlay":false,"sceneViewState":{"m_AlwaysRefresh":false,"showFog":true,"showSkybox":false,"showFlares":true,"showImageEffects":true,"showParticleSystems":true,"showVisualEffectGraphs":true,"m_FxEnabled":true},"in2DMode":false,"pivot":{"x":44.51890563964844,"y":1.8571642637252808,"z":92.53401184082031},"rotation":{"x":0.22959201037883759,"y":-0.20946966111660005,"z":0.050606731325387958,"w":0.9491910934448242},"size":0.9861423373222351,"orthographic":false}