{"cameraMode":{"drawMode":0,"name":"Shaded","section":"Shading Mode"},"sceneLighting":false,"audioPlay":false,"sceneViewState":{"m_AlwaysRefresh":false,"showFog":true,"showSkybox":false,"showFlares":true,"showImageEffects":true,"showParticleSystems":true,"showVisualEffectGraphs":true,"m_FxEnabled":true},"in2DMode":false,"pivot":{"x":74.03996276855469,"y":7.1921563148498539,"z":45.66237258911133},"rotation":{"x":-0.0022858709562569858,"y":0.9143069386482239,"z":-0.4053618609905243,"w":-0.004868879448622465},"size":14.724475860595704,"orthographic":false}