{"cameraMode":{"drawMode":0,"name":"Shaded","section":"Shading Mode"},"sceneLighting":false,"audioPlay":false,"sceneViewState":{"m_AlwaysRefresh":false,"showFog":true,"showSkybox":true,"showFlares":true,"showImageEffects":true,"showParticleSystems":true,"showVisualEffectGraphs":true,"m_FxEnabled":true},"in2DMode":false,"pivot":{"x":74.4990005493164,"y":19.215457916259767,"z":55.98544692993164},"rotation":{"x":-0.005594345275312662,"y":-0.9475737810134888,"z":0.31917548179626467,"w":-0.016793839633464814},"size":0.8660253882408142,"orthographic":false}