{"cameraMode":{"drawMode":0,"name":"Shaded","section":"Shading Mode"},"sceneLighting":false,"audioPlay":false,"sceneViewState":{"m_AlwaysRefresh":false,"showFog":true,"showSkybox":false,"showFlares":true,"showImageEffects":true,"showParticleSystems":true,"showVisualEffectGraphs":true,"m_FxEnabled":true},"in2DMode":false,"pivot":{"x":1.0052976608276368,"y":3.858520984649658,"z":7.009727954864502},"rotation":{"x":-0.0075097340159118179,"y":-0.9812692999839783,"z":0.1886153370141983,"w":-0.0391656719148159},"size":0.8208798170089722,"orthographic":false}