{"cameraMode":{"drawMode":0,"name":"Shaded","section":"Shading Mode"},"sceneLighting":false,"audioPlay":false,"sceneViewState":{"m_AlwaysRefresh":false,"showFog":true,"showSkybox":false,"showFlares":true,"showImageEffects":true,"showParticleSystems":true,"showVisualEffectGraphs":true,"m_FxEnabled":true},"in2DMode":false,"pivot":{"x":54.89856719970703,"y":1.142498254776001,"z":48.984397888183597},"rotation":{"x":0.34337732195854189,"y":0.24092133343219758,"z":-0.09159751236438751,"w":0.9031819105148315},"size":13.776018142700196,"orthographic":false}