{"cameraMode":{"drawMode":0,"name":"Shaded","section":"Shading Mode"},"sceneLighting":false,"audioPlay":false,"sceneViewState":{"m_AlwaysRefresh":false,"showFog":true,"showSkybox":false,"showFlares":true,"showImageEffects":true,"showParticleSystems":true,"showVisualEffectGraphs":true,"m_FxEnabled":true},"in2DMode":false,"pivot":{"x":1.9091538190841675,"y":4.073724269866943,"z":7.27686882019043},"rotation":{"x":0.002185177756473422,"y":-0.9607082605361939,"z":0.27770963311195376,"w":0.007492660079151392},"size":1.5926880836486817,"orthographic":false}